{"Name": ["富力首开·金禧璞瑅"], "ResidenceType": ["住宅"], "IsOnSale": ["在售"], "LocationDistrict": ["顺义"], "LocationBlock": ["顺义其它"], "LocationAddr": ["高泗路四村段23号"], "LDK": ["4室", "5室"], "AreaSize": ["建面 140-192㎡"], "PricePerSqM": ["均价47000元/平方米"], "PricePerSuite": ["总价620万/套"]},
{"Name": ["天恒水岸壹号"], "ResidenceType": ["别墅"], "IsOnSale": ["在售"], "LocationDistrict": ["房山"], "LocationBlock": ["良乡"], "LocationAddr": ["良乡大学城西站地铁南侧400米，刺猬河旁"], "LDK": ["3室", "4室"], "AreaSize": ["建面 185-199㎡"], "PricePerSqM": ["均价58000元/平方米"], "PricePerSuite": ["总价850万/套"]},
{"Name": ["观唐云鼎"], "ResidenceType": ["住宅"], "IsOnSale": ["在售"], "LocationDistrict": ["密云"], "LocationBlock": ["密云其它"], "LocationAddr": ["溪翁庄镇密溪路39号院（云佛山度假村对面）"], "LDK": ["3室"], "AreaSize": ["建面 171㎡"], "PricePerSqM": ["均价30000元/平方米"], "PricePerSuite": ["总价460万/套"]},
{"Name": ["运河铭著"], "ResidenceType": ["住宅"], "IsOnSale": ["在售"], "LocationDistrict": ["通州"], "LocationBlock": ["北关"], "LocationAddr": ["商通大道与榆东一街交叉口，温榆河森林公园东500米"], "LDK": ["2室", "3室"], "AreaSize": ["建面 100-140㎡"], "PricePerSqM": ["均价46000元/平方米"], "PricePerSuite": ["总价460万/套"]},
{"Name": ["万年广阳郡九号"], "ResidenceType": ["住宅"], "IsOnSale": ["在售"], "LocationDistrict": ["房山"], "LocationBlock": ["长阳"], "LocationAddr": ["长阳清苑南街与汇商东路交汇处西北角"], "LDK": ["3室", "4室"], "AreaSize": ["建面 139-189㎡"], "PricePerSqM": ["均价48500元/平方米"], "PricePerSuite": ["总价820万/套"]},
{"Name": ["华远裘马四季"], "ResidenceType": ["住宅"], "IsOnSale": ["在售"], "LocationDistrict": ["门头沟"], "LocationBlock": ["大峪"], "LocationAddr": ["增产路16号院"], "LDK": ["3室", "4室"], "AreaSize": ["建面 150-191㎡"], "PricePerSqM": ["均价60000元/平方米"], "PricePerSuite": ["总价1000万/套"]},
{"Name": ["合景映月台"], "ResidenceType": ["别墅"], "IsOnSale": ["在售"], "LocationDistrict": ["海淀"], "LocationBlock": ["清河"], "LocationAddr": ["安宁庄西路与小营西路交汇处西南侧, 安宁庄西路与小营西路36号院项目"], "LDK": ["4室"], "AreaSize": ["建面 182-290㎡"], "PricePerSqM": ["均价2200元/平方米"], "PricePerSuite": []},
{"Name": ["V7九间堂"], "ResidenceType": ["别墅"], "IsOnSale": ["在售"], "LocationDistrict": ["通州"], "LocationBlock": ["潞苑"], "LocationAddr": ["通燕高速耿庄桥北出口中化石油对面"], "LDK": ["4室", "8室"], "AreaSize": ["建面 220-420㎡"], "PricePerSqM": ["均价68000元/平方米"], "PricePerSuite": ["总价1600万/套"]},
{"Name": ["御汤山熙园"], "ResidenceType": ["别墅"], "IsOnSale": ["在售"], "LocationDistrict": ["昌平"], "LocationBlock": ["昌平其它"], "LocationAddr": ["紧邻安泗路，距离北六环61号出口约2000米"], "LDK": ["4室"], "AreaSize": ["建面 300-470㎡"], "PricePerSqM": ["均价40000元/平方米"], "PricePerSuite": ["总价1800万/套"]},
{"Name": ["华远和墅"], "ResidenceType": ["别墅"], "IsOnSale": ["在售"], "LocationDistrict": ["大兴"], "LocationBlock": ["南中轴机场商务区"], "LocationAddr": ["南六环磁各庄桥沿南中轴向南2公里"], "LDK": ["5室"], "AreaSize": ["建面 295㎡"], "PricePerSqM": ["均价54000元/平方米"], "PricePerSuite": ["总价1580万/套"]},
{"Name": ["天资华府"], "ResidenceType": ["住宅"], "IsOnSale": ["在售"], "LocationDistrict": ["房山"], "LocationBlock": ["长阳"], "LocationAddr": ["房山区CSD政务大厅5号门"], "LDK": ["2室", "3室", "4室", "5室"], "AreaSize": ["建面 94-293㎡"], "PricePerSqM": ["均价410000元/平方米"], "PricePerSuite": ["总价480万/套"]},
{"Name": ["檀香府"], "ResidenceType": ["别墅"], "IsOnSale": ["在售"], "LocationDistrict": ["门头沟"], "LocationBlock": ["门头沟其它"], "LocationAddr": ["京潭大街与潭柘十街交叉口"], "LDK": ["3室", "4室"], "AreaSize": ["建面 208-320㎡"], "PricePerSqM": ["均价43000元/平方米"], "PricePerSuite": []},
{"Name": ["观山源墅"], "ResidenceType": ["别墅"], "IsOnSale": ["在售"], "LocationDistrict": ["房山"], "LocationBlock": ["良乡"], "LocationAddr": ["阳光北大街与多宝路交汇处西南（理工大学北校区西侧）"], "LDK": ["3室", "5室"], "AreaSize": ["建面 290-437㎡"], "PricePerSqM": ["均价47500元/平方米"], "PricePerSuite": ["总价1250万/套"]},
{"Name": ["西山甲一号"], "ResidenceType": ["住宅"], "IsOnSale": ["在售"], "LocationDistrict": ["丰台"], "LocationBlock": ["丰台其它"], "LocationAddr": ["长辛店生态城园博园南路路北500米"], "LDK": ["3室", "4室"], "AreaSize": ["建面 118-183㎡"], "PricePerSqM": ["均价57000元/平方米"], "PricePerSuite": ["总价700万/套"]},
{"Name": ["电建金地华宸"], "ResidenceType": ["住宅"], "IsOnSale": ["在售"], "LocationDistrict": ["门头沟"], "LocationBlock": ["门头沟其它"], "LocationAddr": ["长安街西延线南侧约500米"], "LDK": ["3室"], "AreaSize": ["建面 180-247㎡"], "PricePerSqM": ["均价64000元/平方米"], "PricePerSuite": ["总价1400万/套"]},
{"Name": ["首创天阅西山"], "ResidenceType": ["住宅"], "IsOnSale": ["在售"], "LocationDistrict": ["海淀"], "LocationBlock": ["海淀北部新区"], "LocationAddr": ["永丰路与北清路交汇处东北角，中关村壹号北"], "LDK": ["3室", "4室"], "AreaSize": ["建面 175-245㎡"], "PricePerSqM": ["均价80000元/平方米"], "PricePerSuite": ["总价1500万/套"]},
{"Name": ["西山燕庐"], "ResidenceType": ["住宅"], "IsOnSale": ["在售"], "LocationDistrict": ["门头沟"], "LocationBlock": ["门头沟其它"], "LocationAddr": ["长安街延线南约500米"], "LDK": ["3室", "4室"], "AreaSize": ["建面 137-196㎡"], "PricePerSqM": ["均价65000元/平方米"], "PricePerSuite": ["总价850万/套"]},
{"Name": ["北科建泰禾丽春湖院子"], "ResidenceType": ["别墅"], "IsOnSale": ["在售"], "LocationDistrict": ["昌平"], "LocationBlock": ["沙河"], "LocationAddr": ["中关村北延新核心，沙河水库边（地铁昌平线沙河站向南800米）"], "LDK": ["4室"], "AreaSize": ["建面 379-800㎡"], "PricePerSqM": ["均价50000元/平方米"], "PricePerSuite": ["总价1900万/套"]},
{"Name": ["首开国风尚樾"], "ResidenceType": ["住宅"], "IsOnSale": ["在售"], "LocationDistrict": ["朝阳"], "LocationBlock": ["望京"], "LocationAddr": ["望京南湖南路三帆中学对面"], "LDK": ["3室", "4室"], "AreaSize": ["建面 146-210㎡"], "PricePerSqM": ["均价120000元/平方米"], "PricePerSuite": ["总价1960万/套"]},
{"Name": ["绿地海珀云翡"], "ResidenceType": ["住宅"], "IsOnSale": ["在售"], "LocationDistrict": ["大兴"], "LocationBlock": ["大兴其它"], "LocationAddr": ["兴亦路京开高速东侧（黄村镇第一中心小学对面）"], "LDK": ["2室", "3室"], "AreaSize": ["建面 102-178㎡"], "PricePerSqM": ["均价70000元/平方米"], "PricePerSuite": ["总价700万/套"]},
{"Name": ["中粮京西祥云"], "ResidenceType": ["住宅"], "IsOnSale": ["在售"], "LocationDistrict": ["房山"], "LocationBlock": ["长阳"], "LocationAddr": ["地铁稻田站北800米，西邻京深路"], "LDK": ["4室"], "AreaSize": ["建面 115-140㎡"], "PricePerSqM": ["均价58000元/平方米"], "PricePerSuite": ["总价680万/套"]},
{"Name": ["燕西华府"], "ResidenceType": ["住宅"], "IsOnSale": ["在售"], "LocationDistrict": ["丰台"], "LocationBlock": ["丰台其它"], "LocationAddr": ["王佐镇青龙湖公园东1500米, 泉湖西路1号院（七区）, 泉湖西路1号院（六区）"], "LDK": ["4室"], "AreaSize": ["建面 60-288㎡"], "PricePerSqM": ["均价49800元/平方米"], "PricePerSuite": ["总价650万/套"]},
{"Name": ["远洋新天地"], "ResidenceType": ["商业"], "IsOnSale": ["在售"], "LocationDistrict": ["门头沟"], "LocationBlock": ["门头沟其它"], "LocationAddr": ["长安街西延线与滨河路南延交汇处（东南侧）"], "LDK": [], "AreaSize": [], "PricePerSqM": ["均价70000元/平方米"], "PricePerSuite": ["总价260万/套"]},
{"Name": ["天恒水岸壹号"], "ResidenceType": ["住宅"], "IsOnSale": ["在售"], "LocationDistrict": ["房山"], "LocationBlock": ["良乡"], "LocationAddr": ["良乡大学城西站地铁南侧800米，刺猬河旁"], "LDK": ["3室", "4室"], "AreaSize": ["建面 122-148㎡"], "PricePerSqM": ["均价52000元/平方米"], "PricePerSuite": ["总价490万/套"]},
{"Name": ["天恒摩墅"], "ResidenceType": ["别墅"], "IsOnSale": ["在售"], "LocationDistrict": ["房山"], "LocationBlock": ["房山其它"], "LocationAddr": ["周口店镇政府东200米"], "LDK": ["3室"], "AreaSize": ["建面 140-160㎡"], "PricePerSqM": ["均价29555元/平方米"], "PricePerSuite": ["总价339万/套"]},
{"Name": ["兴创荣墅"], "ResidenceType": ["别墅"], "IsOnSale": ["在售"], "LocationDistrict": ["大兴"], "LocationBlock": ["大兴新机场洋房别墅区"], "LocationAddr": ["采育镇育胜街与福源路交叉口西侧350米路南"], "LDK": ["3室", "4室", "5室"], "AreaSize": ["建面 240-411㎡"], "PricePerSqM": ["均价37500元/平方米"], "PricePerSuite": ["总价1100万/套"]},
{"Name": ["观山源墅"], "ResidenceType": ["住宅"], "IsOnSale": ["在售"], "LocationDistrict": ["房山"], "LocationBlock": ["良乡"], "LocationAddr": ["阳光北大街与多宝路交汇处西南（理工大学北校区西侧）"], "LDK": ["3室", "4室"], "AreaSize": ["建面 94-150㎡"], "PricePerSqM": ["均价47500元/平方米"], "PricePerSuite": ["总价437万/套"]},
{"Name": ["润泽御府"], "ResidenceType": ["别墅"], "IsOnSale": ["在售"], "LocationDistrict": ["朝阳"], "LocationBlock": ["北苑"], "LocationAddr": ["北京市朝阳区北五环顾家庄桥向北约2.6公里"], "LDK": ["4室", "5室"], "AreaSize": ["建面 540-1600㎡"], "PricePerSqM": ["均价100000元/平方米"], "PricePerSuite": ["总价5000万/套"]},
{"Name": ["中骏西山天璟"], "ResidenceType": ["住宅"], "IsOnSale": ["在售"], "LocationDistrict": ["门头沟"], "LocationBlock": ["城子"], "LocationAddr": ["西山永定楼北300米"], "LDK": ["4室"], "AreaSize": ["建面 117-155㎡"], "PricePerSqM": ["均价65000元/平方米"], "PricePerSuite": ["总价600万/套"]},
{"Name": ["领秀翡翠墅"], "ResidenceType": ["住宅"], "IsOnSale": ["在售"], "LocationDistrict": ["丰台"], "LocationBlock": ["丰台其它"], "LocationAddr": ["王佐镇长青路南侧, 长青路88号院"], "LDK": ["3室", "4室"], "AreaSize": ["建面 137-187㎡"], "PricePerSqM": ["均价45000元/平方米"], "PricePerSuite": ["总价630万/套"]},
